{"pitch": [-2.5558580237938737, 15.477797492736853, 163.8424367993652, 41.239671521095225], "energy": [-1.172919511795044, 7.872549533843994, 40.41505562986614, 34.41537900132709]}